"02912","UNIQUE","PROVIDENCE","RI","PRIMARY",41.82,-71.41,"NA-US-RI-PROVIDENCE","false",471,483,4611222
"10469","STANDARD","BRONX","NY","PRIMARY",40.84,-73.87,"NA-US-NY-BRONX","false",28964,47625,1017556583
"10470","STANDARD","BRONX","NY","PRIMARY",40.84,-73.87,"NA-US-NY-BRONX","false",7000,10880,260963512
"10471","STANDARD","BRONX","NY","PRIMARY",40.84,-73.87,"NA-US-NY-BRONX","false",9876,15606,623827705
"10472","STANDARD","BRONX","NY","PRIMARY",40.84,-73.87,"NA-US-NY-BRONX","false",26025,43761,630416228
"10473","STANDARD","BRONX","NY","PRIMARY",40.84,-73.87,"NA-US-NY-BRONX","false",26122,42812,817850845
"10474","STANDARD","BRONX","NY","PRIMARY",40.84,-73.87,"NA-US-NY-BRONX","false",4369,7377,97578251
"10475","STANDARD","BRONX","NY","PRIMARY",40.84,-73.87,"NA-US-NY-BRONX","false",21124,31659,740068715
"10499","UNIQUE","BRONX","NY","PRIMARY",40.84,-73.87,"NA-US-NY-BRONX","false",,,
"10001","STANDARD","NEW YORK","NY","PRIMARY",40.71,-73.99,"NA-US-NY-NEW YORK","false",12534,16553,1031960117
"10002","STANDARD","NEW YORK","NY","PRIMARY",40.71,-73.99,"NA-US-NY-NEW YORK","false",45236,70604,1394042364
"10003","STANDARD","NEW YORK","NY","PRIMARY",40.71,-73.99,"NA-US-NY-NEW YORK","false",28817,36569,
"10004","STANDARD","NEW YORK","NY","PRIMARY",40.71,-73.99,"NA-US-NY-NEW YORK","false",1967,2909,333623384
"10005","STANDARD","NEW YORK","NY","PRIMARY",40.71,-73.99,"NA-US-NY-NEW YORK","false",4697,6293,791578339
"10006","STANDARD","NEW YORK","NY","PRIMARY",40.71,-73.99,"NA-US-NY-NEW YORK","false",2236,2849,240075649
"10007","STANDARD","NEW YORK","NY","PRIMARY",40.71,-73.99,"NA-US-NY-NEW YORK","false",3551,5396,1143186856
"10008","PO BOX","NEW YORK","NY","PRIMARY",40.71,-73.99,"NA-US-NY-NEW YORK","false",550,732,27103411
"10009","STANDARD","NEW YORK","NY","PRIMARY",40.71,-73.99,"NA-US-NY-NEW YORK","false",31275,42731,1572036810
"10010","STANDARD","NEW YORK","NY","PRIMARY",40.71,-73.99,"NA-US-NY-NEW YORK","false",17401,22785,2084544435
"10011","STANDARD","NEW YORK","NY","PRIMARY",40.71,-73.99,"NA-US-NY-NEW YORK","false",30434,38784,1264531973
"10012","STANDARD","NEW YORK","NY","PRIMARY",40.71,-73.99,"NA-US-NY-NEW YORK","false",13415,17738,1529644615
"10013","STANDARD","NEW YORK","NY","PRIMARY",40.71,-73.99,"NA-US-NY-NEW YORK","false",15981,24199,450956340
"10014","STANDARD","NEW YORK","NY","PRIMARY",40.71,-73.99,"NA-US-NY-NEW YORK","false",19374,24292,
"10016","STANDARD","NEW YORK","NY","PRIMARY",40.71,-73.99,"NA-US-NY-NEW YORK","false",31673,40683,1412438620
"10017","STANDARD","NEW YORK","NY","PRIMARY",40.71,-73.99,"NA-US-NY-NEW YORK","false",15803,19975,1685441363
"10018","STANDARD","NEW YORK","NY","PRIMARY",40.71,-73.99,"NA-US-NY-NEW YORK","false",4416,5928,810026753
"10019","STANDARD","NEW YORK","NY","PRIMARY",40.71,-73.99,"NA-US-NY-NEW YORK","false",24515,31889,
"10020","STANDARD","NEW YORK","NY","PRIMARY",40.71,-73.99,"NA-US-NY-NEW YORK","false",1134,1926,207363546
"10021","STANDARD","NEW YORK","NY","PRIMARY",40.77,-73.95,"NA-US-NY-NEW YORK","false",29820,42627,1022024689
"10022","STANDARD","NEW YORK","NY","PRIMARY",40.71,-73.99,"NA-US-NY-NEW YORK","false",20815,29014,731534552
"10023","STANDARD","NEW YORK","NY","PRIMARY",40.71,-73.99,"NA-US-NY-NEW YORK","false",34334,48044,1270483799
"10024","STANDARD","NEW YORK","NY","PRIMARY",40.71,-73.99,"NA-US-NY-NEW YORK","false",31925,47261,1108944328
"10025","STANDARD","NEW YORK","NY","PRIMARY",40.71,-73.99,"NA-US-NY-NEW YORK","false",47778,70190,1675737238
"10026","STANDARD","NEW YORK","NY","PRIMARY",40.71,-73.99,"NA-US-NY-NEW YORK","false",16054,24221,647150670
"10027","STANDARD","NEW YORK","NY","PRIMARY",40.71,-73.99,"NA-US-NY-NEW YORK","false",25372,37948,918919244
"10028","STANDARD","NEW YORK","NY","PRIMARY",40.71,-73.99,"NA-US-NY-NEW YORK","false",25557,36525,964357485
"10029","STANDARD","NEW YORK","NY","PRIMARY",40.71,-73.99,"NA-US-NY-NEW YORK","false",31490,48403,1050141146
"10030","STANDARD","NEW YORK","NY","PRIMARY",40.71,-73.99,"NA-US-NY-NEW YORK","false",11541,17771,345769267
"10031","STANDARD","NEW YORK","NY","PRIMARY",40.71,-73.99,"NA-US-NY-NEW YORK","false",26900,40901,718068721
"10032","STANDARD","NEW YORK","NY","PRIMARY",40.71,-73.99,"NA-US-NY-NEW YORK","false",29755,45758,754754912
"10033","STANDARD","NEW YORK","NY","PRIMARY",40.71,-73.99,"NA-US-NY-NEW YORK","false",30134,45474,881087274
"10034","STANDARD","NEW YORK","NY","PRIMARY",40.71,-73.99,"NA-US-NY-NEW YORK","false",20855,32614,604187876
"00613","PO BOX","ARECIBO","PR","PRIMARY",18.45,-66.73,"NA-US-PR-ARECIBO","false",,,
"00614","PO BOX","ARECIBO","PR","PRIMARY",18.45,-66.73,"NA-US-PR-ARECIBO","false",,,
"00714","STANDARD","ARROYO","PR","PRIMARY",17.97,-66.06,"NA-US-PR-ARROYO","false",,,
"00616","STANDARD","BAJADERO","PR","PRIMARY",18.40,-66.66,"NA-US-PR-BAJADERO","false",,,
"00617","STANDARD","BARCELONETA","PR","PRIMARY",18.45,-66.53,"NA-US-PR-BARCELONETA","false",,,
"00794","STANDARD","BARRANQUITAS","PR","PRIMARY",18.18,-66.30,"NA-US-PR-BARRANQUITAS","false",,,
"00622","STANDARD","BOQUERON","PR","PRIMARY",17.99,-67.15,"NA-US-PR-BOQUERON","false",,,
"00623","STANDARD","CABO ROJO","PR","PRIMARY",18.08,-67.14,"NA-US-PR-CABO ROJO","false",,,
"00627","STANDARD","CAMUY","PR","PRIMARY",18.48,-66.84,"NA-US-PR-CAMUY","false",,,
"00729","STANDARD","CANOVANAS","PR","PRIMARY",18.37,-65.90,"NA-US-PR-CANOVANAS","false",,,
"00979","STANDARD","CAROLINA","PR","PRIMARY",18.40,-65.98,"NA-US-PR-CAROLINA","false",,,
"00981","PO BOX","CAROLINA","PR","PRIMARY",18.40,-65.98,"NA-US-PR-CAROLINA","false",,,
"00982","STANDARD","CAROLINA","PR","PRIMARY",18.40,-65.98,"NA-US-PR-CAROLINA","false",,,
"00983","STANDARD","CAROLINA","PR","PRIMARY",18.40,-65.98,"NA-US-PR-CAROLINA","false",,,
"00984","PO BOX","CAROLINA","PR","PRIMARY",18.40,-65.98,"NA-US-PR-CAROLINA","false",,,
"00985","STANDARD","CAROLINA","PR","PRIMARY",18.40,-65.98,"NA-US-PR-CAROLINA","false",,,
"00986","PO BOX","CAROLINA","PR","PRIMARY",18.40,-65.98,"NA-US-PR-CAROLINA","false",,,
"00987","STANDARD","CAROLINA","PR","PRIMARY",18.40,-65.98,"NA-US-PR-CAROLINA","false",,,
"00988","PO BOX","CAROLINA","PR","PRIMARY",18.40,-65.98,"NA-US-PR-CAROLINA","false",,,
"00736","STANDARD","CAYEY","PR","PRIMARY",18.11,-66.16,"NA-US-PR-CAYEY","false",,,
"00739","STANDARD","CIDRA","PR","PRIMARY",18.17,-66.15,"NA-US-PR-CIDRA","false",,,
"00769","STANDARD","COAMO","PR","PRIMARY",18.08,-66.36,"NA-US-PR-COAMO","false",,,
"00782","STANDARD","COMERIO","PR","PRIMARY",18.22,-66.22,"NA-US-PR-COMERIO","false",,,
"00783","STANDARD","COROZAL","PR","PRIMARY",18.34,-66.31,"NA-US-PR-COROZAL","false",,,
"09848","MILITARY","APO","AE","PRIMARY",,,,"false",,,
"10200","STANDARD","NEW YORK","NY","PRIMARY",40.77,73.95,"NA-US-NY-NEW YORK","false",,,
"09323","MILITARY","APO","AE","PRIMARY",-44.25,33.53,"ME-IQ","false",,,
"00659","STANDARD","HATILLO","PR","PRIMARY",18.48,-66.82,"NA-US-PR-HATILLO","false",,,
"00660","STANDARD","HORMIGUEROS","PR","PRIMARY",18.14,-67.12,"NA-US-PR-HORMIGUEROS","false",,,
"00791","STANDARD","HUMACAO","PR","PRIMARY",18.15,-65.81,"NA-US-PR-HUMACAO","false",,,
"00792","PO BOX","HUMACAO","PR","PRIMARY",18.15,-65.81,"NA-US-PR-HUMACAO","false",,,
"00662","STANDARD","ISABELA","PR","PRIMARY",18.50,-67.02,"NA-US-PR-ISABELA","false",,,
"00664","STANDARD","JAYUYA","PR","PRIMARY",18.22,-66.59,"NA-US-PR-JAYUYA","false",,,
"00795","STANDARD","JUANA DIAZ","PR","PRIMARY",18.05,-66.50,"NA-US-PR-JUANA DIAZ","false",,,
"00777","STANDARD","JUNCOS","PR","PRIMARY",18.22,-65.91,"NA-US-PR-JUNCOS","false",,,
"00728","STANDARD","PONCE","PR","PRIMARY",17.98,-66.60,"NA-US-PR-PONCE","false",,,
"00725","STANDARD","CAGUAS","PR","PRIMARY",18.23,-66.03,"NA-US-PR-CAGUAS","false",,,
"00726","PO BOX","CAGUAS","PR","PRIMARY",18.23,-66.03,"NA-US-PR-CAGUAS","false",,,
"02130","STANDARD","JAMAICA PLAIN","MA","PRIMARY",42.30,-71.11,"NA-US-MA-JAMAICA PLAIN","false",19207,27060,930225860
"02131","STANDARD","ROSLINDALE","MA","PRIMARY",42.28,-71.13,"NA-US-MA-ROSLINDALE","false",15098,23881,637197973
"02132","STANDARD","WEST ROXBURY","MA","PRIMARY",42.28,-71.16,"NA-US-MA-WEST ROXBURY","false",13457,21756,751009680
"02133","STANDARD","BOSTON","MA","PRIMARY",42.35,-71.06,"NA-US-MA-BOSTON","false",,,
"02134","STANDARD","ALLSTON","MA","PRIMARY",42.35,-71.13,"NA-US-MA-ALLSTON","false",9592,12051,310662266
"02135","STANDARD","BRIGHTON","MA","PRIMARY",42.35,-71.15,"NA-US-MA-BRIGHTON","false",21268,27370,855471186
"02136","STANDARD","HYDE PARK","MA","PRIMARY",42.26,-71.11,"NA-US-MA-HYDE PARK","false",14261,23209,549863633
"02137","PO BOX","READVILLE","MA","PRIMARY",42.25,-71.12,"NA-US-MA-READVILLE","false",,,
"02163","STANDARD","BOSTON","MA","PRIMARY",42.35,-71.06,"NA-US-MA-BOSTON","false",630,723,46464955
"02196","PO BOX","BOSTON","MA","PRIMARY",42.35,-71.06,"NA-US-MA-BOSTON","false",521,780,56979484
"02199","STANDARD","BOSTON","MA","PRIMARY",42.35,-71.06,"NA-US-MA-BOSTON","false",926,1239,131945542
"02201","UNIQUE","BOSTON","MA","PRIMARY",42.35,-71.06,"NA-US-MA-BOSTON","false",,,
"02203","STANDARD","BOSTON","MA","PRIMARY",42.35,-71.06,"NA-US-MA-BOSTON","false",,,
"02204","UNIQUE","BOSTON","MA","PRIMARY",42.35,-71.06,"NA-US-MA-BOSTON","false",,,
"02205","PO BOX","BOSTON","MA","PRIMARY",42.35,-71.06,"NA-US-MA-BOSTON","false",1063,1513,36858731
"02206","UNIQUE","BOSTON","MA","PRIMARY",42.35,-71.06,"NA-US-MA-BOSTON","false",,,
"02210","STANDARD","BOSTON","MA","PRIMARY",42.35,-71.06,"NA-US-MA-BOSTON","false",1130,1495,125277777
"02211","UNIQUE","BOSTON","MA","PRIMARY",42.35,-71.06,"NA-US-MA-BOSTON","false",,,
"02212","UNIQUE","BOSTON","MA","PRIMARY",42.35,-71.06,"NA-US-MA-BOSTON","false",,,
"02215","STANDARD","BOSTON","MA","PRIMARY",42.35,-71.06,"NA-US-MA-BOSTON","false",6084,7098,288003972
"02217","UNIQUE","BOSTON","MA","PRIMARY",42.35,-71.06,"NA-US-MA-BOSTON","false",,,
"02222","STANDARD","BOSTON","MA","PRIMARY",42.35,-71.06,"NA-US-MA-BOSTON","false",,,
"02228","PO BOX","EAST BOSTON","MA","PRIMARY",42.35,-71.06,"NA-US-MA-EAST BOSTON","false",,,
"02241","UNIQUE","BOSTON","MA","PRIMARY",42.35,-71.06,"NA-US-MA-BOSTON","false",,,
"02266","UNIQUE","BOSTON","MA","PRIMARY",42.35,-71.06,"NA-US-MA-BOSTON","false",,,
"02283","STANDARD","BOSTON","MA","PRIMARY",42.35,-71.06,"NA-US-MA-BOSTON","false",,,
"02284","STANDARD","BOSTON","MA","PRIMARY",42.35,-71.06,"NA-US-MA-BOSTON","false",,,
"02293","UNIQUE","BOSTON","MA","PRIMARY",42.35,-71.06,"NA-US-MA-BOSTON","false",,,
"02295","UNIQUE","BOSTON","MA","PRIMARY",42.35,-71.06,"NA-US-MA-BOSTON","false",,,
"02297","UNIQUE","BOSTON","MA","PRIMARY",42.35,-71.06,"NA-US-MA-BOSTON","false",,,
"02298","PO BOX","BOSTON","MA","PRIMARY",42.34,-71.05,"NA-US-MA-BOSTON","false",,,
"01921","STANDARD","BOXFORD","MA","PRIMARY",42.67,-70.98,"NA-US-MA-BOXFORD","false",3837,7331,381701356
"01505","STANDARD","BOYLSTON","MA","PRIMARY",42.35,-71.73,"NA-US-MA-BOYLSTON","false",2235,3993,154598338
"02020","PO BOX","BRANT ROCK","MA","PRIMARY",42.08,-70.64,"NA-US-MA-BRANT ROCK","false",416,661,19450731
"02631","STANDARD","BREWSTER","MA","PRIMARY",41.76,-70.08,"NA-US-MA-BREWSTER","false",5179,8575,167998522
"02324","STANDARD","BRIDGEWATER","MA","PRIMARY",41.98,-70.97,"NA-US-MA-BRIDGEWATER","false",10960,19223,572230266
"02325","UNIQUE","BRIDGEWATER","MA","PRIMARY",41.98,-70.97,"NA-US-MA-BRIDGEWATER","false",,,
"02301","STANDARD","BROCKTON","MA","PRIMARY",42.08,-71.02,"NA-US-MA-BROCKTON","false",26639,44024,893244392
"02302","STANDARD","BROCKTON","MA","PRIMARY",42.08,-71.02,"NA-US-MA-BROCKTON","false",14983,25132,542792129
"02303","PO BOX","BROCKTON","MA","PRIMARY",42.08,-71.02,"NA-US-MA-BROCKTON","false",700,1124,22756824
"02304","PO BOX","BROCKTON","MA","PRIMARY",42.08,-71.02,"NA-US-MA-BROCKTON","false",,,
"02305","PO BOX","BROCKTON","MA","PRIMARY",42.08,-71.02,"NA-US-MA-BROCKTON","false",,,
"01506","STANDARD","BROOKFIELD","MA","PRIMARY",42.21,-72.10,"NA-US-MA-BROOKFIELD","false",1665,2920,68732705
"02327","PO BOX","BRYANTVILLE","MA","PRIMARY",42.06,-70.80,"NA-US-MA-BRYANTVILLE","false",328,526,11061702
"01803","STANDARD","BURLINGTON","MA","PRIMARY",42.50,-71.20,"NA-US-MA-BURLINGTON","false",12671,22104,728010164
"01805","UNIQUE","BURLINGTON","MA","PRIMARY",42.50,-71.20,"NA-US-MA-BURLINGTON","false",,,
"02532","STANDARD","BUZZARDS BAY","MA","PRIMARY",41.75,-70.61,"NA-US-MA-BUZZARDS BAY","false",5340,8780,209927645
"02542","STANDARD","BUZZARDS BAY","MA","PRIMARY",41.75,-70.61,"NA-US-MA-BUZZARDS BAY","false",269,581,9999157
"01922","STANDARD","BYFIELD","MA","PRIMARY",42.75,-70.93,"NA-US-MA-BYFIELD","false",1555,2848,99724975
"02138","STANDARD","CAMBRIDGE","MA","PRIMARY",42.37,-71.11,"NA-US-MA-CAMBRIDGE","false",15668,21578,1027911979
"02139","STANDARD","CAMBRIDGE","MA","PRIMARY",42.37,-71.11,"NA-US-MA-CAMBRIDGE","false",19543,25969,971287414
"02140","STANDARD","CAMBRIDGE","MA","PRIMARY",42.37,-71.11,"NA-US-MA-CAMBRIDGE","false",9746,14277,528814265
"02141","STANDARD","CAMBRIDGE","MA","PRIMARY",42.37,-71.11,"NA-US-MA-CAMBRIDGE","false",6125,8418,310303911
"02142","STANDARD","CAMBRIDGE","MA","PRIMARY",42.37,-71.11,"NA-US-MA-CAMBRIDGE","false",1504,2011,109677520
"02238","PO BOX","CAMBRIDGE","MA","PRIMARY",42.37,-71.11,"NA-US-MA-CAMBRIDGE","false",390,494,13719030
"02021","STANDARD","CANTON","MA","PRIMARY",42.15,-71.13,"NA-US-MA-CANTON","false",10887,18954,736904131
"01741","STANDARD","CARLISLE","MA","PRIMARY",42.53,-71.35,"NA-US-MA-CARLISLE","false",2421,4692,296809193
"02330","STANDARD","CARVER","MA","PRIMARY",41.88,-70.76,"NA-US-MA-CARVER","false",5278,9328,238966437
"02534","PO BOX","CATAUMET","MA","PRIMARY",41.66,-70.61,"NA-US-MA-CATAUMET","false",529,855,23227948
"02632","STANDARD","CENTERVILLE","MA","PRIMARY",41.66,-70.34,"NA-US-MA-CENTERVILLE","false",5785,9476,219173799
"02634","PO BOX","CENTERVILLE","MA","PRIMARY",41.66,-70.34,"NA-US-MA-CENTERVILLE","false",,,
"01507","STANDARD","CHARLTON","MA","PRIMARY",42.13,-71.96,"NA-US-MA-CHARLTON","false",5909,10873,321653214
"01509","PO BOX","CHARLTON DEPOT","MA","PRIMARY",42.13,-71.96,"NA-US-MA-CHARLTON DEPOT","false",,,
"01508","PO BOX","CHARLTON CITY","MA","PRIMARY",42.13,-71.96,"NA-US-MA-CHARLTON CITY","false",476,795,19633278
"02633","STANDARD","CHATHAM","MA","PRIMARY",41.67,-69.96,"NA-US-MA-CHATHAM","false",2191,3482,67503884
"01824","STANDARD","CHELMSFORD","MA","PRIMARY",42.59,-71.36,"NA-US-MA-CHELMSFORD","false",12912,23196,794814017
"02535","STANDARD","CHILMARK","MA","PRIMARY",41.34,-70.74,"NA-US-MA-CHILMARK","false",605,1000,19027009
"02552","PO BOX","MENEMSHA","MA","PRIMARY",41.34,-70.73,"NA-US-MA-MENEMSHA","false",,,
"01510","STANDARD","CLINTON","MA","PRIMARY",42.41,-71.68,"NA-US-MA-CLINTON","false",6969,11365,285300523
"02025","STANDARD","COHASSET","MA","PRIMARY",42.23,-70.80,"NA-US-MA-COHASSET","false",3485,6515,426391994
"01742","STANDARD","CONCORD","MA","PRIMARY",42.45,-71.35,"NA-US-MA-CONCORD","false",8368,15042,923189072
"02635","STANDARD","COTUIT","MA","PRIMARY",41.62,-70.44,"NA-US-MA-COTUIT","false",1868,3159,83464453
"02652","PO BOX","NORTH TRURO","MA","PRIMARY",42.04,-70.09,"NA-US-MA-NORTH TRURO","false",461,718,11258057
"01538","PO BOX","NORTH UXBRIDGE","MA","PRIMARY",42.05,-71.64,"NA-US-MA-NORTH UXBRIDGE","false",303,491,10088473
"02061","STANDARD","NORWELL","MA","PRIMARY",42.16,-70.78,"NA-US-MA-NORWELL","false",4995,9372,447651996
"02062","STANDARD","NORWOOD","MA","PRIMARY",42.18,-71.19,"NA-US-MA-NORWOOD","false",14728,24326,730265400
"01865","PO BOX","NUTTING LAKE","MA","PRIMARY",42.54,-71.25,"NA-US-MA-NUTTING LAKE","false",,,
"02557","STANDARD","OAK BLUFFS","MA","PRIMARY",41.45,-70.56,"NA-US-MA-OAK BLUFFS","false",1582,2451,48137834
"02558","PO BOX","ONSET","MA","PRIMARY",41.74,-70.66,"NA-US-MA-ONSET","false",1195,1831,35269964
"02653","STANDARD","ORLEANS","MA","PRIMARY",41.79,-70.00,"NA-US-MA-ORLEANS","false",2891,4418,80664330
"02655","STANDARD","OSTERVILLE","MA","PRIMARY",41.62,-70.38,"NA-US-MA-OSTERVILLE","false",1995,3222,85206486
"01540","STANDARD","OXFORD","MA","PRIMARY",42.11,-71.87,"NA-US-MA-OXFORD","false",5450,9660,250160644
"01960","STANDARD","PEABODY","MA","PRIMARY",42.53,-70.97,"NA-US-MA-PEABODY","false",26295,43688,1088161990
"01961","PO BOX","PEABODY","MA","PRIMARY",42.53,-70.97,"NA-US-MA-PEABODY","false",,,
"02359","STANDARD","PEMBROKE","MA","PRIMARY",42.06,-70.80,"NA-US-MA-PEMBROKE","false",8334,15037,467870357
"01463","STANDARD","PEPPERELL","MA","PRIMARY",42.66,-71.58,"NA-US-MA-PEPPERELL","false",5549,10100,310246738
"01866","PO BOX","PINEHURST","MA","PRIMARY",42.53,-71.23,"NA-US-MA-PINEHURST","false",,,
"02360","STANDARD","PLYMOUTH","MA","PRIMARY",41.95,-70.66,"NA-US-MA-PLYMOUTH","false",25562,44333,1245239211
"02361","PO BOX","PLYMOUTH","MA","PRIMARY",41.95,-70.66,"NA-US-MA-PLYMOUTH","false",,,
"02362","PO BOX","PLYMOUTH","MA","PRIMARY",41.95,-70.66,"NA-US-MA-PLYMOUTH","false",580,902,23189079
"02367","STANDARD","PLYMPTON","MA","PRIMARY",41.95,-70.81,"NA-US-MA-PLYMPTON","false",1394,2488,70555383
"02559","STANDARD","POCASSET","MA","PRIMARY",41.69,-70.63,"NA-US-MA-POCASSET","false",1778,2864,61565616
"01965","PO BOX","PRIDES CROSSING","MA","PRIMARY",42.56,-70.86,"NA-US-MA-PRIDES CROSSING","false",,,
"01541","STANDARD","PRINCETON","MA","PRIMARY",42.45,-71.86,"NA-US-MA-PRINCETON","false",1745,3224,122908259
"02657","STANDARD","PROVINCETOWN","MA","PRIMARY",42.06,-70.20,"NA-US-MA-PROVINCETOWN","false",2474,3084,60762345
"02368","STANDARD","RANDOLPH","MA","PRIMARY",42.17,-71.05,"NA-US-MA-RANDOLPH","false",16060,26599,668926640
"01867","STANDARD","READING","MA","PRIMARY",42.53,-71.10,"NA-US-MA-READING","false",11926,21499,808066167
"01542","STANDARD","ROCHDALE","MA","PRIMARY",42.20,-71.90,"NA-US-MA-ROCHDALE","false",1097,1907,48317521
"02370","STANDARD","ROCKLAND","MA","PRIMARY",42.13,-70.91,"NA-US-MA-ROCKLAND","false",8794,14690,372071550
"01966","STANDARD","ROCKPORT","MA","PRIMARY",42.64,-70.61,"NA-US-MA-ROCKPORT","false",3847,6287,163627573
"01969","STANDARD","ROWLEY","MA","PRIMARY",42.71,-70.87,"NA-US-MA-ROWLEY","false",2926,5259,182610213
"01543","STANDARD","RUTLAND","MA","PRIMARY",42.36,-71.95,"NA-US-MA-RUTLAND","false",3637,6893,201965675
"02561","PO BOX","SAGAMORE","MA","PRIMARY",41.78,-70.53,"NA-US-MA-SAGAMORE","false",432,722,13592049
"02562","STANDARD","SAGAMORE BEACH","MA","PRIMARY",41.79,-70.53,"NA-US-MA-SAGAMORE BEACH","false",1655,2870,78102880
"01970","STANDARD","SALEM","MA","PRIMARY",42.51,-70.90,"NA-US-MA-SALEM","false",20662,32194,863806447
"01971","PO BOX","SALEM","MA","PRIMARY",42.51,-70.89,"NA-US-MA-SALEM","false",,,
"02563","STANDARD","SANDWICH","MA","PRIMARY",41.75,-70.49,"NA-US-MA-SANDWICH","false",5404,9499,254396980
"02040","PO BOX","GREENBUSH","MA","PRIMARY",42.19,-70.76,"NA-US-MA-GREENBUSH","false",,,
"02055","PO BOX","MINOT","MA","PRIMARY",42.19,-70.76,"NA-US-MA-MINOT","false",,,
"61571","STANDARD","WASHINGTON","IL","PRIMARY",40.69,-89.43,"NA-US-IL-WASHINGTON","false",11400,20715,516346391
"61488","STANDARD","WATAGA","IL","PRIMARY",41.02,-90.27,"NA-US-IL-WATAGA","false",566,1009,16697294
"60556","STANDARD","WATERMAN","IL","PRIMARY",41.76,-88.77,"NA-US-IL-WATERMAN","false",948,1741,38494328
"60970","STANDARD","WATSEKA","IL","PRIMARY",40.77,-87.73,"NA-US-IL-WATSEKA","false",3380,5810,92059404
"60184","STANDARD","WAYNE","IL","PRIMARY",41.95,-88.26,"NA-US-IL-WAYNE","false",1242,2281,129227594
"61778","STANDARD","WAYNESVILLE","IL","PRIMARY",40.24,-89.12,"NA-US-IL-WAYNESVILLE","false",330,607,10800525
"60557","PO BOX","WEDRON","IL","PRIMARY",41.41,-88.73,"NA-US-IL-WEDRON","false",,,
"60973","STANDARD","WELLINGTON","IL","PRIMARY",40.54,-87.67,"NA-US-IL-WELLINGTON","false",,,
"61377","STANDARD","WENONA","IL","PRIMARY",41.05,-89.05,"NA-US-IL-WENONA","false",679,1187,22793601
"61378","STANDARD","WEST BROOKLYN","IL","PRIMARY",41.69,-89.14,"NA-US-IL-WEST BROOKLYN","false",259,466,7152076
"60185","STANDARD","WEST CHICAGO","IL","PRIMARY",41.88,-88.22,"NA-US-IL-WEST CHICAGO","false",15511,29774,708219715
"60186","PO BOX","WEST CHICAGO","IL","PRIMARY",41.88,-88.22,"NA-US-IL-WEST CHICAGO","false",,,
"60558","STANDARD","WESTERN SPRINGS","IL","PRIMARY",41.80,-87.90,"NA-US-IL-WESTERN SPRINGS","false",6138,11800,622222736
"60559","STANDARD","WESTMONT","IL","PRIMARY",41.79,-87.97,"NA-US-IL-WESTMONT","false",12205,20758,568217946
"60187","STANDARD","WHEATON","IL","PRIMARY",41.85,-88.10,"NA-US-IL-WHEATON","false",19087,33167,1179877339
"60189","STANDARD","WHEATON","IL","PRIMARY",41.85,-88.10,"NA-US-IL-WHEATON","false",9684,17898,757738901
"61489","STANDARD","WILLIAMSFIELD","IL","PRIMARY",40.92,-90.01,"NA-US-IL-WILLIAMSFIELD","false",437,787,13860385
"60480","STANDARD","WILLOW SPRINGS","IL","PRIMARY",41.73,-87.88,"NA-US-IL-WILLOW SPRINGS","false",2859,4851,162192650
"60481","STANDARD","WILMINGTON","IL","PRIMARY",41.29,-88.15,"NA-US-IL-WILMINGTON","false",5926,10277,234769230
"60190","STANDARD","WINFIELD","IL","PRIMARY",41.87,-88.15,"NA-US-IL-WINFIELD","false",5572,10080,356751182
"60191","STANDARD","WOOD DALE","IL","PRIMARY",41.96,-87.98,"NA-US-IL-WOOD DALE","false",7487,12973,294594830
"60399","UNIQUE","WOOD DALE","IL","PRIMARY",41.96,-87.94,"NA-US-IL-WOOD DALE","false",,,
"61490","STANDARD","WOODHULL","IL","PRIMARY",41.17,-90.32,"NA-US-IL-WOODHULL","false",576,1037,16844768
"60974","PO BOX","WOODLAND","IL","PRIMARY",40.71,-87.73,"NA-US-IL-WOODLAND","false",,,
"60465","STANDARD","PALOS HILLS","IL","PRIMARY",41.69,-87.82,"NA-US-IL-PALOS HILLS","false",9167,15256,320292595
"60482","STANDARD","WORTH","IL","PRIMARY",41.68,-87.79,"NA-US-IL-WORTH","false",5491,9167,179810926
"61379","STANDARD","WYANET","IL","PRIMARY",41.36,-89.58,"NA-US-IL-WYANET","false",682,1201,20754711
"61491","STANDARD","WYOMING","IL","PRIMARY",41.06,-89.77,"NA-US-IL-WYOMING","false",1029,1841,31632943
"61572","STANDARD","YATES CITY","IL","PRIMARY",40.77,-90.01,"NA-US-IL-YATES CITY","false",514,934,16290570
"60560","STANDARD","YORKVILLE","IL","PRIMARY",41.64,-88.44,"NA-US-IL-YORKVILLE","false",10365,19311,565451302
"60601","STANDARD","CHICAGO","IL","PRIMARY",41.83,-87.68,"NA-US-IL-CHICAGO","false",5676,7785,594882095
"60602","STANDARD","CHICAGO","IL","PRIMARY",41.83,-87.68,"NA-US-IL-CHICAGO","false",1265,1657,83593628
"60603","STANDARD","CHICAGO","IL","PRIMARY",41.83,-87.68,"NA-US-IL-CHICAGO","false",1331,1676,73181070
"60604","STANDARD","CHICAGO","IL","PRIMARY",41.83,-87.68,"NA-US-IL-CHICAGO","false",922,1192,42414664
"60605","STANDARD","CHICAGO","IL","PRIMARY",41.83,-87.68,"NA-US-IL-CHICAGO","false",10946,15279,929015056
"60606","STANDARD","CHICAGO","IL","PRIMARY",41.83,-87.68,"NA-US-IL-CHICAGO","false",2298,3110,226905841
"60607","STANDARD","CHICAGO","IL","PRIMARY",41.83,-87.68,"NA-US-IL-CHICAGO","false",11449,15670,852549025
"60608","STANDARD","CHICAGO","IL","PRIMARY",41.83,-87.68,"NA-US-IL-CHICAGO","false",27739,48270,847417437
"60609","STANDARD","CHICAGO","IL","PRIMARY",41.83,-87.68,"NA-US-IL-CHICAGO","false",22924,41819,616122745
"60610","STANDARD","CHICAGO","IL","PRIMARY",41.83,-87.68,"NA-US-IL-CHICAGO","false",23956,31564,
"60611","STANDARD","CHICAGO","IL","PRIMARY",41.83,-87.68,"NA-US-IL-CHICAGO","false",17004,22612,2132869892
"60612","STANDARD","CHICAGO","IL","PRIMARY",41.83,-87.68,"NA-US-IL-CHICAGO","false",14283,22624,471088880
"60613","STANDARD","CHICAGO","IL","PRIMARY",41.83,-87.68,"NA-US-IL-CHICAGO","false",28559,36974,1755207515
"60614","STANDARD","CHICAGO","IL","PRIMARY",41.83,-87.68,"NA-US-IL-CHICAGO","false",34622,47140,
"60615","STANDARD","CHICAGO","IL","PRIMARY",41.83,-87.68,"NA-US-IL-CHICAGO","false",17934,27024,723124439
"60616","STANDARD","CHICAGO","IL","PRIMARY",41.83,-87.68,"NA-US-IL-CHICAGO","false",22362,34744,881283428
"60617","STANDARD","CHICAGO","IL","PRIMARY",41.83,-87.68,"NA-US-IL-CHICAGO","false",35743,61529,968572717
"60618","STANDARD","CHICAGO","IL","PRIMARY",41.83,-87.68,"NA-US-IL-CHICAGO","false",42534,69391,2028705177
"60619","STANDARD","CHICAGO","IL","PRIMARY",41.83,-87.68,"NA-US-IL-CHICAGO","false",30282,48410,780108829
"60620","STANDARD","CHICAGO","IL","PRIMARY",41.83,-87.68,"NA-US-IL-CHICAGO","false",33372,54534,816025629
"60621","STANDARD","CHICAGO","IL","PRIMARY",41.83,-87.68,"NA-US-IL-CHICAGO","false",13281,22622,232126369
"60622","STANDARD","CHICAGO","IL","PRIMARY",41.83,-87.68,"NA-US-IL-CHICAGO","false",29776,42176,1678143864
"60623","STANDARD","CHICAGO","IL","PRIMARY",41.83,-87.68,"NA-US-IL-CHICAGO","false",30305,57725,689926804
"60624","STANDARD","CHICAGO","IL","PRIMARY",41.83,-87.68,"NA-US-IL-CHICAGO","false",14943,25492,298708323
"60625","STANDARD","CHICAGO","IL","PRIMARY",41.83,-87.68,"NA-US-IL-CHICAGO","false",34704,56729,1362757397
"60626","STANDARD","CHICAGO","IL","PRIMARY",41.83,-87.68,"NA-US-IL-CHICAGO","false",21612,32581,763896673
"60628","STANDARD","CHICAGO","IL","PRIMARY",41.83,-87.68,"NA-US-IL-CHICAGO","false",32483,53827,781506305
"60629","STANDARD","CHICAGO","IL","PRIMARY",41.83,-87.68,"NA-US-IL-CHICAGO","false",44434,84106,1219315805
"60630","STANDARD","CHICAGO","IL","PRIMARY",41.83,-87.68,"NA-US-IL-CHICAGO","false",26863,44993,1003206790
"60631","STANDARD","CHICAGO","IL","PRIMARY",41.83,-87.68,"NA-US-IL-CHICAGO","false",15220,25301,732606995
"60632","STANDARD","CHICAGO","IL","PRIMARY",41.83,-87.68,"NA-US-IL-CHICAGO","false",32858,63860,877276155
"60633","STANDARD","CHICAGO","IL","PRIMARY",41.83,-87.68,"NA-US-IL-CHICAGO","false",5546,9538,187605910
"60634","STANDARD","CHICAGO","IL","PRIMARY",41.83,-87.68,"NA-US-IL-CHICAGO","false",37190,63211,1150271704
"60636","STANDARD","CHICAGO","IL","PRIMARY",41.83,-87.68,"NA-US-IL-CHICAGO","false",16783,28682,312536668
"60637","STANDARD","CHICAGO","IL","PRIMARY",41.83,-87.68,"NA-US-IL-CHICAGO","false",18851,30689,564539592
"60638","STANDARD","CHICAGO","IL","PRIMARY",41.83,-87.68,"NA-US-IL-CHICAGO","false",27000,46470,990822809
"60639","STANDARD","CHICAGO","IL","PRIMARY",41.83,-87.68,"NA-US-IL-CHICAGO","false",35385,65832,917319255
"60640","STANDARD","CHICAGO","IL","PRIMARY",41.83,-87.68,"NA-US-IL-CHICAGO","false",33702,46688,1498879513
"60641","STANDARD","CHICAGO","IL","PRIMARY",41.83,-87.68,"NA-US-IL-CHICAGO","false",32803,56207,1064414138
"60642","STANDARD","CHICAGO","IL","PRIMARY",41.90,-87.65,"NA-US-IL-CHICAGO","false",7044,9637,397050504
"60643","STANDARD","CHICAGO","IL","PRIMARY",41.83,-87.68,"NA-US-IL-CHICAGO","false",24309,40433,919129318
"60644","STANDARD","CHICAGO","IL","PRIMARY",41.83,-87.68,"NA-US-IL-CHICAGO","false",20255,34236,424118729
"60645","STANDARD","CHICAGO","IL","PRIMARY",41.83,-87.68,"NA-US-IL-CHICAGO","false",19272,33583,678289976
"60646","STANDARD","CHICAGO","IL","PRIMARY",41.83,-87.68,"NA-US-IL-CHICAGO","false",13373,23311,724143108
"60647","STANDARD","CHICAGO","IL","PRIMARY",41.83,-87.68,"NA-US-IL-CHICAGO","false",40214,62570,1724980133
"60649","STANDARD","CHICAGO","IL","PRIMARY",41.83,-87.68,"NA-US-IL-CHICAGO","false",20276,32247,529254887
"60651","STANDARD","CHICAGO","IL","PRIMARY",41.83,-87.68,"NA-US-IL-CHICAGO","false",27734,47832,634299811
"60652","STANDARD","CHICAGO","IL","PRIMARY",41.83,-87.68,"NA-US-IL-CHICAGO","false",18990,33721,694993689
"60653","STANDARD","CHICAGO","IL","PRIMARY",41.83,-87.68,"NA-US-IL-CHICAGO","false",11687,18765,387481286
"60654","STANDARD","CHICAGO","IL","PRIMARY",41.83,-87.68,"NA-US-IL-CHICAGO","false",6640,8539,939355522
"60655","STANDARD","CHICAGO","IL","PRIMARY",41.83,-87.68,"NA-US-IL-CHICAGO","false",14174,24364,726153453
"60656","STANDARD","CHICAGO","IL","PRIMARY",41.83,-87.68,"NA-US-IL-CHICAGO","false",14357,23812,528254307
"60657","STANDARD","CHICAGO","IL","PRIMARY",41.83,-87.68,"NA-US-IL-CHICAGO","false",39993,51214,
"60659","STANDARD","CHICAGO","IL","PRIMARY",41.83,-87.68,"NA-US-IL-CHICAGO","false",16408,28547,511286545
"60660","STANDARD","CHICAGO","IL","PRIMARY",41.83,-87.68,"NA-US-IL-CHICAGO","false",21446,30796,888750861
"60661","STANDARD","CHICAGO","IL","PRIMARY",41.83,-87.68,"NA-US-IL-CHICAGO","false",4459,5726,369568564
"60664","PO BOX","CHICAGO","IL","PRIMARY",41.83,-87.68,"NA-US-IL-CHICAGO","false",729,799,27724776
"60666","PO BOX","CHICAGO","IL","PRIMARY",41.98,-87.90,"NA-US-IL-CHICAGO","false",,,
"60668","UNIQUE","CHICAGO","IL","PRIMARY",41.83,-87.68,"NA-US-IL-CHICAGO","false",,,
"60669","UNIQUE","CHICAGO","IL","PRIMARY",41.83,-87.68,"NA-US-IL-CHICAGO","false",,,
"60670","UNIQUE","CHICAGO","IL","PRIMARY",41.83,-87.68,"NA-US-IL-CHICAGO","false",,,
"60673","UNIQUE","CHICAGO","IL","PRIMARY",41.83,-87.68,"NA-US-IL-CHICAGO","false",,,
"60674","UNIQUE","CHICAGO","IL","PRIMARY",41.83,-87.68,"NA-US-IL-CHICAGO","false",,,
"60675","UNIQUE","CHICAGO","IL","PRIMARY",41.83,-87.68,"NA-US-IL-CHICAGO","false",,,
"60677","UNIQUE","CHICAGO","IL","PRIMARY",41.83,-87.68,"NA-US-IL-CHICAGO","false",,,
"60678","UNIQUE","CHICAGO","IL","PRIMARY",41.83,-87.68,"NA-US-IL-CHICAGO","false",,,
"60680","PO BOX","CHICAGO","IL","PRIMARY",41.83,-87.68,"NA-US-IL-CHICAGO","false",2409,3279,104183517
"60681","PO BOX","CHICAGO","IL","PRIMARY",41.83,-87.68,"NA-US-IL-CHICAGO","false",,,
"60682","UNIQUE","CHICAGO","IL","PRIMARY",41.86,-87.81,"NA-US-IL-CHICAGO","false",,,
"60684","UNIQUE","CHICAGO","IL","PRIMARY",41.83,-87.68,"NA-US-IL-CHICAGO","false",,,
"60685","UNIQUE","CHICAGO","IL","PRIMARY",41.83,-87.68,"NA-US-IL-CHICAGO","false",,,
"60686","UNIQUE","CHICAGO","IL","PRIMARY",41.85,-87.65,"NA-US-IL-CHICAGO","false",,,
"60687","UNIQUE","CHICAGO","IL","PRIMARY",41.83,-87.68,"NA-US-IL-CHICAGO","false",,,
"60688","UNIQUE","CHICAGO","IL","PRIMARY",41.85,-87.65,"NA-US-IL-CHICAGO","false",,,
"60689","UNIQUE","CHICAGO","IL","PRIMARY",41.87,-87.63,"NA-US-IL-CHICAGO","false",,,
"60690","PO BOX","CHICAGO","IL","PRIMARY",41.83,-87.68,"NA-US-IL-CHICAGO","false",1209,1623,46767595
"60691","PO BOX","CHICAGO","IL","PRIMARY",41.83,-87.68,"NA-US-IL-CHICAGO","false",,,
"60693","UNIQUE","CHICAGO","IL","PRIMARY",41.83,-87.68,"NA-US-IL-CHICAGO","false",,,
"60694","UNIQUE","CHICAGO","IL","PRIMARY",41.83,-87.68,"NA-US-IL-CHICAGO","false",,,
"60695","UNIQUE","CHICAGO","IL","PRIMARY",41.85,-87.65,"NA-US-IL-CHICAGO","false",,,
"60696","UNIQUE","CHICAGO","IL","PRIMARY",41.85,-87.65,"NA-US-IL-CHICAGO","false",,,
"60697","UNIQUE","CHICAGO","IL","PRIMARY",41.83,-87.68,"NA-US-IL-CHICAGO","false",,,
"60699","STANDARD","CHICAGO","IL","PRIMARY",41.83,-87.68,"NA-US-IL-CHICAGO","false",,,
"60701","STANDARD","CHICAGO","IL","PRIMARY",41.83,-87.68,"NA-US-IL-CHICAGO","false",,,
"60706","STANDARD","HARWOOD HEIGHTS","IL","PRIMARY",41.96,-87.80,"NA-US-IL-HARWOOD HEIGHTS","false",11996,19711,367209926
"60707","STANDARD","ELMWOOD PARK","IL","PRIMARY",41.92,-87.81,"NA-US-IL-ELMWOOD PARK","false",20798,35121,734117087
"60712","STANDARD","LINCOLNWOOD","IL","PRIMARY",42.00,-87.73,"NA-US-IL-LINCOLNWOOD","false",6255,10969,286950954
"60714","STANDARD","NILES","IL","PRIMARY",42.02,-87.80,"NA-US-IL-NILES","false",15232,25584,505709212
"60803","STANDARD","ALSIP","IL","PRIMARY",41.67,-87.73,"NA-US-IL-ALSIP","false",10979,18451,398247522
"60804","STANDARD","CICERO","IL","PRIMARY",41.84,-87.75,"NA-US-IL-CICERO","false",30583,59521,826864807
"60805","STANDARD","EVERGREEN PARK","IL","PRIMARY",41.72,-87.70,"NA-US-IL-EVERGREEN PARK","false",10096,17191,429276784
"60827","STANDARD","RIVERDALE","IL","PRIMARY",41.64,-87.63,"NA-US-IL-RIVERDALE","false",11337,19042,279694388
"62214","STANDARD","ADDIEVILLE","IL","PRIMARY",38.39,-89.48,"NA-US-IL-ADDIEVILLE","false",585,1052,21030535
"62215","STANDARD","ALBERS","IL","PRIMARY",38.54,-89.61,"NA-US-IL-ALBERS","false",875,1639,38669013
"62806","STANDARD","ALBION","IL","PRIMARY",38.37,-88.05,"NA-US-IL-ALBION","false",1603,2895,45460039
"62833","STANDARD","ELLERY","IL","PRIMARY",38.36,-88.13,"NA-US-IL-ELLERY","false",,,
"62843","STANDARD","GOLDEN GATE","IL","PRIMARY",38.35,-88.20,"NA-US-IL-GOLDEN GATE","false",,,
"62601","STANDARD","ALEXANDER","IL","PRIMARY",39.71,-90.05,"NA-US-IL-ALEXANDER","false",,,
"62001","STANDARD","ALHAMBRA","IL","PRIMARY",38.88,-89.73,"NA-US-IL-ALHAMBRA","false",859,1554,35769586
"62410","STANDARD","ALLENDALE","IL","PRIMARY",38.52,-87.71,"NA-US-IL-ALLENDALE","false",467,875,14972949
"61810","STANDARD","ALLERTON","IL","PRIMARY",39.91,-87.93,"NA-US-IL-ALLERTON","false",,,
"62807","STANDARD","ALMA","IL","PRIMARY",38.72,-88.91,"NA-US-IL-ALMA","false",369,702,9543903
"62610","PO BOX","ALSEY","IL","PRIMARY",39.55,-90.43,"NA-US-IL-ALSEY","false",,,
"62411","STANDARD","ALTAMONT","IL","PRIMARY",39.05,-88.74,"NA-US-IL-ALTAMONT","false",2163,3825,59373090
"62002","STANDARD","ALTON","IL","PRIMARY",38.90,-90.15,"NA-US-IL-ALTON","false",15348,25680,479409623
"62905","STANDARD","ALTO PASS","IL","PRIMARY",37.57,-89.31,"NA-US-IL-ALTO PASS","false",335,613,9563315
"61811","STANDARD","ALVIN","IL","PRIMARY",40.30,-87.60,"NA-US-IL-ALVIN","false",321,608,9384541
"62906","STANDARD","ANNA","IL","PRIMARY",37.46,-89.24,"NA-US-IL-ANNA","false",3233,5760,91390833
"62413","STANDARD","ANNAPOLIS","IL","PRIMARY",39.15,-87.81,"NA-US-IL-ANNAPOLIS","false",,,
"61910","STANDARD","ARCOLA","IL","PRIMARY",39.68,-88.30,"NA-US-IL-ARCOLA","false",2023,3744,58360005
"62611","STANDARD","ARENZVILLE","IL","PRIMARY",39.87,-90.37,"NA-US-IL-ARENZVILLE","false",504,927,18239642
"62501","STANDARD","ARGENTA","IL","PRIMARY",39.98,-88.81,"NA-US-IL-ARGENTA","false",1253,2340,53005055
"61812","STANDARD","ARMSTRONG","IL","PRIMARY",40.31,-87.88,"NA-US-IL-ARMSTRONG","false",,,
"61911","STANDARD","ARTHUR","IL","PRIMARY",39.71,-88.46,"NA-US-IL-ARTHUR","false",2103,3742,53478271
"62612","STANDARD","ASHLAND","IL","PRIMARY",39.88,-90.00,"NA-US-IL-ASHLAND","false",941,1679,30933395
"62808","STANDARD","ASHLEY","IL","PRIMARY",38.32,-89.18,"NA-US-IL-ASHLEY","false",708,1259,21105629
"61912","STANDARD","ASHMORE","IL","PRIMARY",39.53,-88.02,"NA-US-IL-ASHMORE","false",662,1214,19517340
"62510","STANDARD","ASSUMPTION","IL","PRIMARY",39.51,-89.04,"NA-US-IL-ASSUMPTION","false",808,1442,21944228
"62613","STANDARD","ATHENS","IL","PRIMARY",39.96,-89.72,"NA-US-IL-ATHENS","false",1877,3489,73003434
"61913","STANDARD","ATWOOD","IL","PRIMARY",39.79,-88.46,"NA-US-IL-ATWOOD","false",832,1496,24586848
"62615","STANDARD","AUBURN","IL","PRIMARY",39.57,-89.74,"NA-US-IL-AUBURN","false",2660,4870,98873352
"62311","STANDARD","AUGUSTA","IL","PRIMARY",40.23,-90.94,"NA-US-IL-AUGUSTA","false",423,745,10356615
"62344","STANDARD","HUNTSVILLE","IL","PRIMARY",40.18,-90.86,"NA-US-IL-HUNTSVILLE","false",,,
"62907","STANDARD","AVA","IL","PRIMARY",37.88,-89.49,"NA-US-IL-AVA","false",979,1840,30958285
"62216","STANDARD","AVISTON","IL","PRIMARY",38.60,-89.60,"NA-US-IL-AVISTON","false",1197,2195,56219924
"62217","STANDARD","BALDWIN","IL","PRIMARY",38.18,-89.84,"NA-US-IL-BALDWIN","false",397,679,11432463
"62312","STANDARD","BARRY","IL","PRIMARY",39.69,-91.03,"NA-US-IL-BARRY","false",941,1708,26072180
"62218","STANDARD","BARTELSO","IL","PRIMARY",38.53,-89.46,"NA-US-IL-BARTELSO","false",752,1370,32818166
"62313","STANDARD","BASCO","IL","PRIMARY",40.32,-91.19,"NA-US-IL-BASCO","false",,,
"62006","STANDARD","BATCHTOWN","IL","PRIMARY",39.03,-90.65,"NA-US-IL-BATCHTOWN","false",275,523,10544946
"62617","STANDARD","BATH","IL","PRIMARY",40.19,-90.14,"NA-US-IL-BATH","false",341,608,7924478
"62314","STANDARD","BAYLIS","IL","PRIMARY",39.72,-90.90,"NA-US-IL-BAYLIS","false",278,514,7225452
"62618","STANDARD","BEARDSTOWN","IL","PRIMARY",40.00,-90.41,"NA-US-IL-BEARDSTOWN","false",3454,6269,96759505
"62512","STANDARD","BEASON","IL","PRIMARY",40.15,-89.20,"NA-US-IL-BEASON","false",,,
"62219","PO BOX","BECKEMEYER","IL","PRIMARY",38.60,-89.43,"NA-US-IL-BECKEMEYER","false",528,883,15910513
"62414","STANDARD","BEECHER CITY","IL","PRIMARY",39.18,-88.78,"NA-US-IL-BEECHER CITY","false",880,1562,22017637
"62444","STANDARD","MODE","IL","PRIMARY",39.28,-88.63,"NA-US-IL-MODE","false",,,
"62908","STANDARD","BELKNAP","IL","PRIMARY",37.32,-88.94,"NA-US-IL-BELKNAP","false",,,
"62810","STANDARD","BELLE RIVE","IL","PRIMARY",38.23,-88.73,"NA-US-IL-BELLE RIVE","false",490,940,12671222
"62220","STANDARD","BELLEVILLE","IL","PRIMARY",38.53,-90.00,"NA-US-IL-BELLEVILLE","false",9469,16155,350936126
"62221","STANDARD","BELLEVILLE","IL","PRIMARY",38.53,-90.00,"NA-US-IL-BELLEVILLE","false",13027,22845,559915375
"62222","PO BOX","BELLEVILLE","IL","PRIMARY",38.53,-90.00,"NA-US-IL-BELLEVILLE","false",,,
"62223","STANDARD","BELLEVILLE","IL","PRIMARY",38.53,-90.00,"NA-US-IL-BELLEVILLE","false",9236,15546,369657037
"62225","STANDARD","SCOTT AIR FORCE BASE","IL","PRIMARY",38.54,-89.85,"NA-US-IL-SCOTT AIR FORCE BASE","false",1845,4091,77592935
"62226","STANDARD","BELLEVILLE","IL","PRIMARY",38.53,-90.00,"NA-US-IL-BELLEVILLE","false",14613,24404,550208261
"62811","PO BOX","BELLMONT","IL","PRIMARY",38.38,-87.90,"NA-US-IL-BELLMONT","false",,,
"61813","STANDARD","BEMENT","IL","PRIMARY",39.92,-88.57,"NA-US-IL-BEMENT","false",974,1672,28317027
"62009","STANDARD","BENLD","IL","PRIMARY",39.09,-89.80,"NA-US-IL-BENLD","false",822,1440,23111991
"62812","STANDARD","BENTON","IL","PRIMARY",38.00,-88.91,"NA-US-IL-BENTON","false",4907,8744,140837257
"62010","STANDARD","BETHALTO","IL","PRIMARY",38.90,-90.04,"NA-US-IL-BETHALTO","false",5429,9675,207613949
"61914","STANDARD","BETHANY","IL","PRIMARY",39.64,-88.74,"NA-US-IL-BETHANY","false",931,1709,30526795
"62011","STANDARD","BINGHAM","IL","PRIMARY",39.11,-89.21,"NA-US-IL-BINGHAM","false",,,
"61814","STANDARD","BISMARCK","IL","PRIMARY",40.26,-87.60,"NA-US-IL-BISMARCK","false",597,1125,22146270
"62513","STANDARD","BLUE MOUND","IL","PRIMARY",39.70,-89.11,"NA-US-IL-BLUE MOUND","false",827,1513,28125558
"62621","STANDARD","BLUFFS","IL","PRIMARY",39.75,-90.53,"NA-US-IL-BLUFFS","false",558,1022,19267260
"62622","PO BOX","BLUFF SPRINGS","IL","PRIMARY",39.98,-90.37,"NA-US-IL-BLUFF SPRINGS","false",,,
"62814","STANDARD","BLUFORD","IL","PRIMARY",38.32,-88.73,"NA-US-IL-BLUFORD","false",959,1809,28411322
"62909","PO BOX","BOLES","IL","PRIMARY",37.36,-89.00,"NA-US-IL-BOLES","false",,,
"61815","PO BOX","BONDVILLE","IL","PRIMARY",40.11,-88.36,"NA-US-IL-BONDVILLE","false",,,
"62815","STANDARD","BONE GAP","IL","PRIMARY",38.44,-87.99,"NA-US-IL-BONE GAP","false",,,
"62816","STANDARD","BONNIE","IL","PRIMARY",38.20,-88.90,"NA-US-IL-BONNIE","false",556,986,15448158
"62514","PO BOX","BOODY","IL","PRIMARY",39.76,-89.05,"NA-US-IL-BOODY","false",,,
"62316","STANDARD","BOWEN","IL","PRIMARY",40.23,-91.06,"NA-US-IL-BOWEN","false",336,597,8359433
"62230","STANDARD","BREESE","IL","PRIMARY",38.61,-89.52,"NA-US-IL-BREESE","false",3205,5579,124256246
"62417","STANDARD","BRIDGEPORT","IL","PRIMARY",38.71,-87.75,"NA-US-IL-BRIDGEPORT","false",1377,2464,39521110
"62012","STANDARD","BRIGHTON","IL","PRIMARY",39.04,-90.13,"NA-US-IL-BRIGHTON","false",3267,6068,127194647
"61816","STANDARD","BROADLANDS","IL","PRIMARY",39.90,-87.99,"NA-US-IL-BROADLANDS","false",254,456,8235627
"61917","STANDARD","BROCTON","IL","PRIMARY",39.71,-87.93,"NA-US-IL-BROCTON","false",267,484,5764418
"62910","STANDARD","BROOKPORT","IL","PRIMARY",37.12,-88.62,"NA-US-IL-BROOKPORT","false",1153,2177,32932027
"62817","STANDARD","BROUGHTON","IL","PRIMARY",37.93,-88.46,"NA-US-IL-BROUGHTON","false",253,472,5538551
"62624","STANDARD","BROWNING","IL","PRIMARY",40.12,-90.37,"NA-US-IL-BROWNING","false",261,475,8075411
"62818","STANDARD","BROWNS","IL","PRIMARY",38.37,-87.98,"NA-US-IL-BROWNS","false",,,
"62418","STANDARD","BROWNSTOWN","IL","PRIMARY",38.99,-88.95,"NA-US-IL-BROWNSTOWN","false",1013,1776,26498233
"62013","STANDARD","BRUSSELS","IL","PRIMARY",38.95,-90.58,"NA-US-IL-BRUSSELS","false",276,495,7898381
"62819","STANDARD","BUCKNER","IL","PRIMARY",37.98,-89.01,"NA-US-IL-BUCKNER","false",,,
"62515","STANDARD","BUFFALO","IL","PRIMARY",39.84,-89.40,"NA-US-IL-BUFFALO","false",448,803,14693075